{"n_estimators": 50, "max_depth": 10, "random_state": 42, "n_jobs": 1, "classes": ["apple", "banana", "blackgram", "chickpea", "coconut", "coffee", "cotton", "grapes", "jute", "kidneybeans", "lentil", "maize", "mango", "mothbeans", "mungbean", "muskmelon", "orange", "papaya", "pigeonpeas", "pomegranate", "rice", "watermelon"], "feature_importances": [0.10707611670396522, 0.14158102497168323, 0.18150709361348966, 0.0737928808564346, 0.21753824296044588, 0.04789430740837379, 0.23061033348560767], "trees": [